Agency_Name,Agency_Code,Program_Name,Program_Code,Tag,Data_File_Name,Data_File_Location,Status,Lat,Lon,Time_Zone,Vertical_Datum,Station_ID,Site_Description,Deployment,Deployment_Position,Vertical_Reference,Site_Mean_Depth,Bad_Data_Code,Email,Variable_ID,DataCategory,Sampling_Rate,Date_Format,Depth_Format,Variable_Name,QC_Code,X,Y,calc_SMD,mAHD
Western Australian Marine Science Institution,WAMSI,WAMSI Westport Marine Science Program,WWMSP2.2,WWMSP2.2-Seagrass,wwmsp2sg_BecherPoint_Posidonia_Sinuosa_Above_Ground_Biomass_DATA.csv,data-warehouse/csv/wamsi/wwmsp2.2_seagrass,Static,-32.37232299,115.706082,GMT +8,mAHD,BecherPoint,Becher Point,Fixed,0.0m above Seabed,m above Seabed,-3.4000,NaN,,var00326,Ecology (Benthic),657540.0000,yyyy-mm-dd HH:MM:SS,Decimal,Posidonia Sinuosa Above Ground Biomass (mmol C/m2),String,378274.537343659,6417557.90316761,4.0594,-4.0594
Western Australian Marine Science Institution,WAMSI,WAMSI Westport Marine Science Program,WWMSP2.2,WWMSP2.2-Seagrass,wwmsp2sg_BecherPointSZ_Posidonia_Sinuosa_Above_Ground_Biomass_DATA.csv,data-warehouse/csv/wamsi/wwmsp2.2_seagrass,Static,-32.366256,115.705302,GMT +8,mAHD,BecherPointSZ,Becher Point SZ,Fixed,0.0m above Seabed,m above Seabed,-2.8000,NaN,,var00326,Ecology (Benthic),751474.2857,yyyy-mm-dd HH:MM:SS,Decimal,Posidonia Sinuosa Above Ground Biomass (mmol C/m2),String,378193.015159371,6418229.60866436,3.2417,-3.2417
Western Australian Marine Science Institution,WAMSI,WAMSI Westport Marine Science Program,WWMSP2.2,WWMSP2.2-Seagrass,wwmsp2sg_BirdIsland_Posidonia_Sinuosa_Above_Ground_Biomass_DATA.csv,data-warehouse/csv/wamsi/wwmsp2.2_seagrass,Static,-32.27733,115.69471,GMT +8,mAHD,BirdIsland,Bird Island,Fixed,0.0m above Seabed,m above Seabed,-1.9000,NaN,,var00326,Ecology (Benthic),602537.1429,yyyy-mm-dd HH:MM:SS,Decimal,Posidonia Sinuosa Above Ground Biomass (mmol C/m2),String,377076.327965824,6428075.88408299,1.8010,-1.8010
Western Australian Marine Science Institution,WAMSI,WAMSI Westport Marine Science Program,WWMSP2.2,WWMSP2.2-Seagrass,wwmsp2sg_BoullangerIsland2_5_Posidonia_Sinuosa_Above_Ground_Biomass_DATA.csv,data-warehouse/csv/wamsi/wwmsp2.2_seagrass,Static,-30.31406,115.00243,GMT +8,mAHD,BoullangerIsland2.5,Boullanger Island 2.5,Fixed,0.0m above Seabed,m above Seabed,-3.0000,NaN,,var00326,Ecology (Benthic),768738.4615,yyyy-mm-dd HH:MM:SS,Decimal,Posidonia Sinuosa Above Ground Biomass (mmol C/m2),String,307929.304099798,6644723.02631059,0.0000,0.0000
Western Australian Marine Science Institution,WAMSI,WAMSI Westport Marine Science Program,WWMSP2.2,WWMSP2.2-Seagrass,wwmsp2sg_BoullangerIsland3_5_Posidonia_Sinuosa_Above_Ground_Biomass_DATA.csv,data-warehouse/csv/wamsi/wwmsp2.2_seagrass,Static,-30.31232,115.00273,GMT +8,mAHD,BoullangerIsland3.5,Boullanger Island 3.5,Fixed,0.0m above Seabed,m above Seabed,-3.6000,NaN,,var00326,Ecology (Benthic),832800.0000,yyyy-mm-dd HH:MM:SS,Decimal,Posidonia Sinuosa Above Ground Biomass (mmol C/m2),String,307954.760679891,6644916.40738825,0.0000,0.0000
Western Australian Marine Science Institution,WAMSI,WAMSI Westport Marine Science Program,WWMSP2.2,WWMSP2.2-Seagrass,wwmsp2sg_BoullangerIsland5_5_Posidonia_Sinuosa_Above_Ground_Biomass_DATA.csv,data-warehouse/csv/wamsi/wwmsp2.2_seagrass,Static,-30.3114,115.00292,GMT +8,mAHD,BoullangerIsland5.5,Boullanger Island 5.5,Fixed,0.0m above Seabed,m above Seabed,-5.6000,NaN,,var00326,Ecology (Benthic),768738.4615,yyyy-mm-dd HH:MM:SS,Decimal,Posidonia Sinuosa Above Ground Biomass (mmol C/m2),String,307971.238838259,6645018.70790288,0.0000,0.0000
Western Australian Marine Science Institution,WAMSI,WAMSI Westport Marine Science Program,WWMSP2.2,WWMSP2.2-Seagrass,wwmsp2sg_Buayanup_Posidonia_Sinuosa_Above_Ground_Biomass_DATA.csv,data-warehouse/csv/wamsi/wwmsp2.2_seagrass,Static,-33.65233,115.2484,GMT +8,mAHD,Buayanup,Buayanup,Fixed,0.0m above Seabed,m above Seabed,-3.6000,NaN,,var00326,Ecology (Benthic),526032.0000,yyyy-mm-dd HH:MM:SS,Decimal,Posidonia Sinuosa Above Ground Biomass (mmol C/m2),String,337577.680937797,6275015.8298365,39.0000,-39.0000
Western Australian Marine Science Institution,WAMSI,WAMSI Westport Marine Science Program,WWMSP2.2,WWMSP2.2-Seagrass,wwmsp2sg_BurnsRocks_Posidonia_Sinuosa_Above_Ground_Biomass_DATA.csv,data-warehouse/csv/wamsi/wwmsp2.2_seagrass,Static,-31.730138,115.708352,GMT +8,mAHD,BurnsRocks,Burns Rocks,Fixed,0.0m above Seabed,m above Seabed,-10.7000,NaN,,var00326,Ecology (Benthic),1315080.0000,yyyy-mm-dd HH:MM:SS,Decimal,Posidonia Sinuosa Above Ground Biomass (mmol C/m2),String,377636.293632215,6488750.38541496,1.1635,-1.1635
Western Australian Marine Science Institution,WAMSI,WAMSI Westport Marine Science Program,WWMSP2.2,WWMSP2.2-Seagrass,wwmsp2sg_BusseltonJetty_Posidonia_Sinuosa_Above_Ground_Biomass_DATA.csv,data-warehouse/csv/wamsi/wwmsp2.2_seagrass,Static,-33.63896,115.34315,GMT +8,mAHD,BusseltonJetty,Busselton Jetty,Fixed,0.0m above Seabed,m above Seabed,-3.8000,NaN,,var00326,Ecology (Benthic),526032.0000,yyyy-mm-dd HH:MM:SS,Decimal,Posidonia Sinuosa Above Ground Biomass (mmol C/m2),String,346340.875530464,6276643.3023865,33.0000,-33.0000
Western Australian Marine Science Institution,WAMSI,WAMSI Westport Marine Science Program,WWMSP2.2,WWMSP2.2-Seagrass,wwmsp2sg_CarnacIsland_Posidonia_Sinuosa_Above_Ground_Biomass_DATA.csv,data-warehouse/csv/wamsi/wwmsp2.2_seagrass,Static,-32.12077,115.6775,GMT +8,mAHD,CarnacIsland,Carnac Island,Fixed,0.0m above Seabed,m above Seabed,-4.0000,NaN,,var00326,Ecology (Benthic),601817.1429,yyyy-mm-dd HH:MM:SS,Decimal,Posidonia Sinuosa Above Ground Biomass (mmol C/m2),String,375241.969636971,6445412.08589116,4.4579,-4.4579
Western Australian Marine Science Institution,WAMSI,WAMSI Westport Marine Science Program,WWMSP2.2,WWMSP2.2-Seagrass,wwmsp2sg_Causeway_Posidonia_Sinuosa_Above_Ground_Biomass_DATA.csv,data-warehouse/csv/wamsi/wwmsp2.2_seagrass,Static,-32.26047998,115.70012,GMT +8,mAHD,Causeway,Causeway,Fixed,0.0m above Seabed,m above Seabed,-5.1000,NaN,,var00326,Ecology (Benthic),751474.2857,yyyy-mm-dd HH:MM:SS,Decimal,Posidonia Sinuosa Above Ground Biomass (mmol C/m2),String,377563.214325987,6429950.05628981,5.2141,-5.2141
Western Australian Marine Science Institution,WAMSI,WAMSI Westport Marine Science Program,WWMSP2.2,WWMSP2.2-Seagrass,wwmsp2sg_CervantesIsland_Posidonia_Sinuosa_Above_Ground_Biomass_DATA.csv,data-warehouse/csv/wamsi/wwmsp2.2_seagrass,Static,-30.52935,115.0485,GMT +8,mAHD,CervantesIsland,Cervantes Island,Fixed,0.0m above Seabed,m above Seabed,-4.2000,NaN,,var00326,Ecology (Benthic),841536.0000,yyyy-mm-dd HH:MM:SS,Decimal,Posidonia Sinuosa Above Ground Biomass (mmol C/m2),String,312771.63035526,6620935.91952269,0.0000,0.0000
Western Australian Marine Science Institution,WAMSI,WAMSI Westport Marine Science Program,WWMSP2.2,WWMSP2.2-Seagrass,wwmsp2sg_Coogee_Posidonia_Sinuosa_Above_Ground_Biomass_DATA.csv,data-warehouse/csv/wamsi/wwmsp2.2_seagrass,Static,-32.11173,115.76136,GMT +8,mAHD,Coogee,Coogee,Fixed,0.0m above Seabed,m above Seabed,-4.9000,NaN,,var00326,Ecology (Benthic),607680.0000,yyyy-mm-dd HH:MM:SS,Decimal,Posidonia Sinuosa Above Ground Biomass (mmol C/m2),String,383141.940795844,6446508.25636283,5.8878,-5.8878
Western Australian Marine Science Institution,WAMSI,WAMSI Westport Marine Science Program,WWMSP2.2,WWMSP2.2-Seagrass,wwmsp2sg_Dunsborough_Posidonia_Sinuosa_Above_Ground_Biomass_DATA.csv,data-warehouse/csv/wamsi/wwmsp2.2_seagrass,Static,-33.61654,115.12865,GMT +8,mAHD,Dunsborough,Dunsborough,Fixed,0.0m above Seabed,m above Seabed,-3.6000,NaN,,var00326,Ecology (Benthic),526032.0000,yyyy-mm-dd HH:MM:SS,Decimal,Posidonia Sinuosa Above Ground Biomass (mmol C/m2),String,326400.193046907,6278790.10407858,43.0000,-43.0000
Western Australian Marine Science Institution,WAMSI,WAMSI Westport Marine Science Program,WWMSP2.2,WWMSP2.2-Seagrass,wwmsp2sg_FishermansIsland2_5_Posidonia_Sinuosa_Above_Ground_Biomass_DATA.csv,data-warehouse/csv/wamsi/wwmsp2.2_seagrass,Static,-30.13472,114.99792,GMT +8,mAHD,FishermansIsland2.5,Fishermans Island 2.5,Fixed,0.0m above Seabed,m above Seabed,-3.0000,NaN,,var00326,Ecology (Benthic),768738.4615,yyyy-mm-dd HH:MM:SS,Decimal,Posidonia Sinuosa Above Ground Biomass (mmol C/m2),String,307145.758145196,6664594.41513744,2.0000,-2.0000
Western Australian Marine Science Institution,WAMSI,WAMSI Westport Marine Science Program,WWMSP2.2,WWMSP2.2-Seagrass,wwmsp2sg_FishermansIsland3_5_Posidonia_Sinuosa_Above_Ground_Biomass_DATA.csv,data-warehouse/csv/wamsi/wwmsp2.2_seagrass,Static,-30.12717,114.99594,GMT +8,mAHD,FishermansIsland3.5,Fishermans Island 3.5,Fixed,0.0m above Seabed,m above Seabed,-4.7000,NaN,,var00326,Ecology (Benthic),768738.4615,yyyy-mm-dd HH:MM:SS,Decimal,Posidonia Sinuosa Above Ground Biomass (mmol C/m2),String,306940.29215371,6665427.93917774,1.0000,-1.0000
Western Australian Marine Science Institution,WAMSI,WAMSI Westport Marine Science Program,WWMSP2.2,WWMSP2.2-Seagrass,wwmsp2sg_FishermansIsland5_5_Posidonia_Sinuosa_Above_Ground_Biomass_DATA.csv,data-warehouse/csv/wamsi/wwmsp2.2_seagrass,Static,-30.13702,114.9912,GMT +8,mAHD,FishermansIsland5.5,Fishermans Island 5.5,Fixed,0.0m above Seabed,m above Seabed,-4.2000,NaN,,var00326,Ecology (Benthic),768738.4615,yyyy-mm-dd HH:MM:SS,Decimal,Posidonia Sinuosa Above Ground Biomass (mmol C/m2),String,306502.798184092,6664328.0912996,3.0000,-3.0000
Western Australian Marine Science Institution,WAMSI,WAMSI Westport Marine Science Program,WWMSP2.2,WWMSP2.2-Seagrass,wwmsp2sg_ForrestBeach_Posidonia_Sinuosa_Above_Ground_Biomass_DATA.csv,data-warehouse/csv/wamsi/wwmsp2.2_seagrass,Static,-33.57295,115.44908,GMT +8,mAHD,ForrestBeach,Forrest Beach,Fixed,0.0m above Seabed,m above Seabed,-4.6000,NaN,,var00326,Ecology (Benthic),526032.0000,yyyy-mm-dd HH:MM:SS,Decimal,Posidonia Sinuosa Above Ground Biomass (mmol C/m2),String,356056.283273563,6284115.33683278,25.0000,-25.0000
Western Australian Marine Science Institution,WAMSI,WAMSI Westport Marine Science Program,WWMSP2.2,WWMSP2.2-Seagrass,wwmsp2sg_GardenIsland2_0m_Posidonia_Sinuosa_Above_Ground_Biomass_DATA.csv,data-warehouse/csv/wamsi/wwmsp2.2_seagrass,Static,-32.15816,115.67134,GMT +8,mAHD,GardenIsland2.0m,Garden Island 2.0m,Fixed,0.0m above Seabed,m above Seabed,-2.0000,NaN,,var00326,Ecology (Benthic),588536.4706,yyyy-mm-dd HH:MM:SS,Decimal,Posidonia Sinuosa Above Ground Biomass (mmol C/m2),String,374711.963888225,6441259.9575154,2.2339,-2.2339
Western Australian Marine Science Institution,WAMSI,WAMSI Westport Marine Science Program,WWMSP2.2,WWMSP2.2-Seagrass,wwmsp2sg_GardenIsland2_5m_Posidonia_Sinuosa_Above_Ground_Biomass_DATA.csv,data-warehouse/csv/wamsi/wwmsp2.2_seagrass,Static,-32.15985,115.6716,GMT +8,mAHD,GardenIsland2.5m,Garden Island 2.5m,Fixed,0.0m above Seabed,m above Seabed,-2.4000,NaN,,var00326,Ecology (Benthic),555840.0000,yyyy-mm-dd HH:MM:SS,Decimal,Posidonia Sinuosa Above Ground Biomass (mmol C/m2),String,374738.795355686,6441072.90972656,2.3474,-2.3474
Western Australian Marine Science Institution,WAMSI,WAMSI Westport Marine Science Program,WWMSP2.2,WWMSP2.2-Seagrass,wwmsp2sg_GardenIsland3_2m_Posidonia_Sinuosa_Above_Ground_Biomass_DATA.csv,data-warehouse/csv/wamsi/wwmsp2.2_seagrass,Static,-32.15979,115.67257,GMT +8,mAHD,GardenIsland3.2m,Garden Island 3.2m,Fixed,0.0m above Seabed,m above Seabed,-3.1000,NaN,,var00326,Ecology (Benthic),588536.4706,yyyy-mm-dd HH:MM:SS,Decimal,Posidonia Sinuosa Above Ground Biomass (mmol C/m2),String,374830.186415258,6441080.6898794,3.1826,-3.1826
Western Australian Marine Science Institution,WAMSI,WAMSI Westport Marine Science Program,WWMSP2.2,WWMSP2.2-Seagrass,wwmsp2sg_GardenIsland5_5m_Posidonia_Sinuosa_Above_Ground_Biomass_DATA.csv,data-warehouse/csv/wamsi/wwmsp2.2_seagrass,Static,-32.16018,115.67949,GMT +8,mAHD,GardenIsland5.5m,Garden Island 5.5m,Fixed,0.0m above Seabed,m above Seabed,-4.6000,NaN,,var00326,Ecology (Benthic),555920.0000,yyyy-mm-dd HH:MM:SS,Decimal,Posidonia Sinuosa Above Ground Biomass (mmol C/m2),String,375483.287857574,6441045.48314098,6.8844,-6.8844
Western Australian Marine Science Institution,WAMSI,WAMSI Westport Marine Science Program,WWMSP2.2,WWMSP2.2-Seagrass,wwmsp2sg_GardenIsland7_0m_Posidonia_Sinuosa_Above_Ground_Biomass_DATA.csv,data-warehouse/csv/wamsi/wwmsp2.2_seagrass,Static,-32.15908,115.68062,GMT +8,mAHD,GardenIsland7.0m,Garden Island 7.0m,Fixed,0.0m above Seabed,m above Seabed,-6.8000,NaN,,var00326,Ecology (Benthic),588621.1765,yyyy-mm-dd HH:MM:SS,Decimal,Posidonia Sinuosa Above Ground Biomass (mmol C/m2),String,375588.353826109,6441168.73397635,6.5885,-6.5885
Western Australian Marine Science Institution,WAMSI,WAMSI Westport Marine Science Program,WWMSP2.2,WWMSP2.2-Seagrass,wwmsp2sg_GardenIslandSettlement_Posidonia_Sinuosa_Above_Ground_Biomass_DATA.csv,data-warehouse/csv/wamsi/wwmsp2.2_seagrass,Static,-32.21313,115.68872,GMT +8,mAHD,GardenIslandSettlement,Garden Island Settlement,Fixed,0.0m above Seabed,m above Seabed,-1.2000,NaN,,var00326,Ecology (Benthic),639668.5714,yyyy-mm-dd HH:MM:SS,Decimal,Posidonia Sinuosa Above Ground Biomass (mmol C/m2),String,376425.26492913,6435186.17444197,1.3295,-1.3295
Western Australian Marine Science Institution,WAMSI,WAMSI Westport Marine Science Program,WWMSP2.2,WWMSP2.2-Seagrass,wwmsp2sg_GreenIsland_Posidonia_Sinuosa_Above_Ground_Biomass_DATA.csv,data-warehouse/csv/wamsi/wwmsp2.2_seagrass,Static,-30.68093,115.10975,GMT +8,mAHD,GreenIsland,Green Island,Fixed,0.0m above Seabed,m above Seabed,-5.4000,NaN,,var00326,Ecology (Benthic),841536.0000,yyyy-mm-dd HH:MM:SS,Decimal,Posidonia Sinuosa Above Ground Biomass (mmol C/m2),String,318931.378313377,6604233.76939259,0.0000,0.0000
Western Australian Marine Science Institution,WAMSI,WAMSI Westport Marine Science Program,WWMSP2.2,WWMSP2.2-Seagrass,wwmsp2sg_HillarysChannel_Posidonia_Sinuosa_Above_Ground_Biomass_DATA.csv,data-warehouse/csv/wamsi/wwmsp2.2_seagrass,Static,-31.822617,115.721312,GMT +8,mAHD,HillarysChannel,Hillarys Channel,Fixed,0.0m above Seabed,m above Seabed,-5.9000,NaN,,var00326,Ecology (Benthic),1157184.0000,yyyy-mm-dd HH:MM:SS,Decimal,Posidonia Sinuosa Above Ground Biomass (mmol C/m2),String,378984.644545592,6478513.48825148,6.5824,-6.5824
Western Australian Marine Science Institution,WAMSI,WAMSI Westport Marine Science Program,WWMSP2.2,WWMSP2.2-Seagrass,wwmsp2sg_JervoiseBay_Posidonia_Sinuosa_Above_Ground_Biomass_DATA.csv,data-warehouse/csv/wamsi/wwmsp2.2_seagrass,Static,-32.1723,115.77004,GMT +8,mAHD,JervoiseBay,Jervoise Bay,Fixed,0.0m above Seabed,m above Seabed,-4.5000,NaN,,var00326,Ecology (Benthic),596832.0000,yyyy-mm-dd HH:MM:SS,Decimal,Posidonia Sinuosa Above Ground Biomass (mmol C/m2),String,384037.598085001,6439803.08142051,3.6399,-3.6399
Western Australian Marine Science Institution,WAMSI,WAMSI Westport Marine Science Program,WWMSP2.2,WWMSP2.2-Seagrass,wwmsp2sg_JurienImpactSite2_5_Posidonia_Sinuosa_Above_Ground_Biomass_DATA.csv,data-warehouse/csv/wamsi/wwmsp2.2_seagrass,Static,-30.33013,115.03149,GMT +8,mAHD,JurienImpactSite2.5,Jurien Impact Site 2.5,Fixed,0.0m above Seabed,m above Seabed,-3.9000,NaN,,var00326,Ecology (Benthic),841536.0000,yyyy-mm-dd HH:MM:SS,Decimal,Posidonia Sinuosa Above Ground Biomass (mmol C/m2),String,310754.943158769,6642990.57528456,0.0000,0.0000
Western Australian Marine Science Institution,WAMSI,WAMSI Westport Marine Science Program,WWMSP2.2,WWMSP2.2-Seagrass,wwmsp2sg_KangarooPoint_Posidonia_Sinuosa_Above_Ground_Biomass_DATA.csv,data-warehouse/csv/wamsi/wwmsp2.2_seagrass,Static,-30.58201,115.08563,GMT +8,mAHD,KangarooPoint,Kangaroo Point,Fixed,0.0m above Seabed,m above Seabed,-4.0000,NaN,,var00326,Ecology (Benthic),834336.0000,yyyy-mm-dd HH:MM:SS,Decimal,Posidonia Sinuosa Above Ground Biomass (mmol C/m2),String,316433.750687135,6615159.76590952,0.0000,0.0000
Western Australian Marine Science Institution,WAMSI,WAMSI Westport Marine Science Program,WWMSP2.2,WWMSP2.2-Seagrass,wwmsp2sg_Kwinana_Posidonia_Sinuosa_Above_Ground_Biomass_DATA.csv,data-warehouse/csv/wamsi/wwmsp2.2_seagrass,Static,-32.19181,115.74355,GMT +8,mAHD,Kwinana,Kwinana,Fixed,0.0m above Seabed,m above Seabed,-5.2000,NaN,,var00326,Ecology (Benthic),559530.0000,yyyy-mm-dd HH:MM:SS,Decimal,Posidonia Sinuosa Above Ground Biomass (mmol C/m2),String,381565.175159678,6437611.39457585,5.0637,-5.0637
Western Australian Marine Science Institution,WAMSI,WAMSI Westport Marine Science Program,WWMSP2.2,WWMSP2.2-Seagrass,wwmsp2sg_LuscombeBay_Posidonia_Sinuosa_Above_Ground_Biomass_DATA.csv,data-warehouse/csv/wamsi/wwmsp2.2_seagrass,Static,-32.16672,115.67521,GMT +8,mAHD,LuscombeBay,Luscombe Bay,Fixed,0.0m above Seabed,m above Seabed,-1.5000,NaN,,var00326,Ecology (Benthic),597408.0000,yyyy-mm-dd HH:MM:SS,Decimal,Posidonia Sinuosa Above Ground Biomass (mmol C/m2),String,375088.601961791,6440315.50981791,1.7412,-1.7412
Western Australian Marine Science Institution,WAMSI,WAMSI Westport Marine Science Program,WWMSP2.2,WWMSP2.2-Seagrass,wwmsp2sg_MS1_Posidonia_Sinuosa_Above_Ground_Biomass_DATA.csv,data-warehouse/csv/wamsi/wwmsp2.2_seagrass,Static,-33.60164098,115.136821,GMT +8,mAHD,MS1,MS 1,Fixed,0.0m above Seabed,m above Seabed,-10.3000,NaN,,var00326,Ecology (Benthic),788400.0000,yyyy-mm-dd HH:MM:SS,Decimal,Posidonia Sinuosa Above Ground Biomass (mmol C/m2),String,327128.547808363,6280455.9971795,43.0000,-43.0000
Western Australian Marine Science Institution,WAMSI,WAMSI Westport Marine Science Program,WWMSP2.2,WWMSP2.2-Seagrass,wwmsp2sg_MS2_Posidonia_Sinuosa_Above_Ground_Biomass_DATA.csv,data-warehouse/csv/wamsi/wwmsp2.2_seagrass,Static,-33.62425997,115.203746,GMT +8,mAHD,MS2,MS 2,Fixed,0.0m above Seabed,m above Seabed,-8.3000,NaN,,var00326,Ecology (Benthic),788400.0000,yyyy-mm-dd HH:MM:SS,Decimal,Posidonia Sinuosa Above Ground Biomass (mmol C/m2),String,333382.409055831,6278057.51828122,41.0000,-41.0000
Western Australian Marine Science Institution,WAMSI,WAMSI Westport Marine Science Program,WWMSP2.2,WWMSP2.2-Seagrass,wwmsp2sg_MS3_Posidonia_Sinuosa_Above_Ground_Biomass_DATA.csv,data-warehouse/csv/wamsi/wwmsp2.2_seagrass,Static,-33.62756697,115.295172,GMT +8,mAHD,MS3,MS 3,Fixed,0.0m above Seabed,m above Seabed,-9.7000,NaN,,var00326,Ecology (Benthic),788400.0000,yyyy-mm-dd HH:MM:SS,Decimal,Posidonia Sinuosa Above Ground Biomass (mmol C/m2),String,341869.981736123,6277834.34256363,36.0000,-36.0000
Western Australian Marine Science Institution,WAMSI,WAMSI Westport Marine Science Program,WWMSP2.2,WWMSP2.2-Seagrass,wwmsp2sg_MS4_Posidonia_Sinuosa_Above_Ground_Biomass_DATA.csv,data-warehouse/csv/wamsi/wwmsp2.2_seagrass,Static,-33.57941201,115.41239,GMT +8,mAHD,MS4,MS 4,Fixed,0.0m above Seabed,m above Seabed,-10.3000,NaN,,var00326,Ecology (Benthic),788400.0000,yyyy-mm-dd HH:MM:SS,Decimal,Posidonia Sinuosa Above Ground Biomass (mmol C/m2),String,352661.663668527,6283347.18937891,28.0000,-28.0000
Western Australian Marine Science Institution,WAMSI,WAMSI Westport Marine Science Program,WWMSP2.2,WWMSP2.2-Seagrass,wwmsp2sg_MS6_Posidonia_Sinuosa_Above_Ground_Biomass_DATA.csv,data-warehouse/csv/wamsi/wwmsp2.2_seagrass,Static,-33.60354099,115.360377,GMT +8,mAHD,MS6,MS 6,Fixed,0.0m above Seabed,m above Seabed,-10.4000,NaN,,var00326,Ecology (Benthic),788400.0000,yyyy-mm-dd HH:MM:SS,Decimal,Posidonia Sinuosa Above Ground Biomass (mmol C/m2),String,347876.45774462,6280596.34731469,32.0000,-32.0000
Western Australian Marine Science Institution,WAMSI,WAMSI Westport Marine Science Program,WWMSP2.2,WWMSP2.2-Seagrass,wwmsp2sg_ManglesBay_Posidonia_Sinuosa_Above_Ground_Biomass_DATA.csv,data-warehouse/csv/wamsi/wwmsp2.2_seagrass,Static,-32.27244,115.71357,GMT +8,mAHD,ManglesBay,Mangles Bay,Fixed,0.0m above Seabed,m above Seabed,-3.4000,NaN,,var00326,Ecology (Benthic),596832.0000,yyyy-mm-dd HH:MM:SS,Decimal,Posidonia Sinuosa Above Ground Biomass (mmol C/m2),String,378846.069080665,6428639.44338757,2.9941,-2.9941
Western Australian Marine Science Institution,WAMSI,WAMSI Westport Marine Science Program,WWMSP2.2,WWMSP2.2-Seagrass,wwmsp2sg_MerseyPoint_Posidonia_Sinuosa_Above_Ground_Biomass_DATA.csv,data-warehouse/csv/wamsi/wwmsp2.2_seagrass,Static,-32.31039,115.70226,GMT +8,mAHD,MerseyPoint,Mersey Point,Fixed,0.0m above Seabed,m above Seabed,-2.2000,NaN,,var00326,Ecology (Benthic),602434.2857,yyyy-mm-dd HH:MM:SS,Decimal,Posidonia Sinuosa Above Ground Biomass (mmol C/m2),String,377831.748329249,6424419.48269719,2.8213,-2.8213
Western Australian Marine Science Institution,WAMSI,WAMSI Westport Marine Science Program,WWMSP2.2,WWMSP2.2-Seagrass,wwmsp2sg_Mullaloo_Posidonia_Sinuosa_Above_Ground_Biomass_DATA.csv,data-warehouse/csv/wamsi/wwmsp2.2_seagrass,Static,-31.781429,115.725362,GMT +8,mAHD,Mullaloo,Mullaloo,Fixed,0.0m above Seabed,m above Seabed,-10.3000,NaN,,var00326,Ecology (Benthic),1315080.0000,yyyy-mm-dd HH:MM:SS,Decimal,Posidonia Sinuosa Above Ground Biomass (mmol C/m2),String,379314.429770623,6483083.73546854,2.2480,-2.2480
Western Australian Marine Science Institution,WAMSI,WAMSI Westport Marine Science Program,WWMSP2.2,WWMSP2.2-Seagrass,wwmsp2sg_NorthBeach_Posidonia_Sinuosa_Above_Ground_Biomass_DATA.csv,data-warehouse/csv/wamsi/wwmsp2.2_seagrass,Static,-31.841652,115.735461,GMT +8,mAHD,NorthBeach,North Beach,Fixed,0.0m above Seabed,m above Seabed,-8.9000,NaN,,var00326,Ecology (Benthic),1157184.0000,yyyy-mm-dd HH:MM:SS,Decimal,Posidonia Sinuosa Above Ground Biomass (mmol C/m2),String,380348.373747591,6476419.10250843,3.2311,-3.2311
Western Australian Marine Science Institution,WAMSI,WAMSI Westport Marine Science Program,WWMSP2.2,WWMSP2.2-Seagrass,wwmsp2sg_OS1_Posidonia_Sinuosa_Above_Ground_Biomass_DATA.csv,data-warehouse/csv/wamsi/wwmsp2.2_seagrass,Static,-33.59011201,115.150849,GMT +8,mAHD,OS1,OS 1,Fixed,0.0m above Seabed,m above Seabed,-18.0000,NaN,,var00326,Ecology (Benthic),788400.0000,yyyy-mm-dd HH:MM:SS,Decimal,Posidonia Sinuosa Above Ground Biomass (mmol C/m2),String,328407.446422166,6281757.82929878,42.0000,-42.0000
Western Australian Marine Science Institution,WAMSI,WAMSI Westport Marine Science Program,WWMSP2.2,WWMSP2.2-Seagrass,wwmsp2sg_OS2_Posidonia_Sinuosa_Above_Ground_Biomass_DATA.csv,data-warehouse/csv/wamsi/wwmsp2.2_seagrass,Static,-33.597905,115.211634,GMT +8,mAHD,OS2,OS 2,Fixed,0.0m above Seabed,m above Seabed,-16.2000,NaN,,var00326,Ecology (Benthic),788400.0000,yyyy-mm-dd HH:MM:SS,Decimal,Posidonia Sinuosa Above Ground Biomass (mmol C/m2),String,334063.667468608,6280992.75604124,42.0000,-42.0000
Western Australian Marine Science Institution,WAMSI,WAMSI Westport Marine Science Program,WWMSP2.2,WWMSP2.2-Seagrass,wwmsp2sg_OS3_Posidonia_Sinuosa_Above_Ground_Biomass_DATA.csv,data-warehouse/csv/wamsi/wwmsp2.2_seagrass,Static,-33.594655,115.291166,GMT +8,mAHD,OS3,OS 3,Fixed,0.0m above Seabed,m above Seabed,-16.4000,NaN,,var00326,Ecology (Benthic),788400.0000,yyyy-mm-dd HH:MM:SS,Decimal,Posidonia Sinuosa Above Ground Biomass (mmol C/m2),String,341438.093625762,6281477.82699716,36.0000,-36.0000
Western Australian Marine Science Institution,WAMSI,WAMSI Westport Marine Science Program,WWMSP2.2,WWMSP2.2-Seagrass,wwmsp2sg_OS4_Posidonia_Sinuosa_Above_Ground_Biomass_DATA.csv,data-warehouse/csv/wamsi/wwmsp2.2_seagrass,Static,-33.54436702,115.369983,GMT +8,mAHD,OS4,OS 4,Fixed,0.0m above Seabed,m above Seabed,-16.1000,NaN,,var00326,Ecology (Benthic),788400.0000,yyyy-mm-dd HH:MM:SS,Decimal,Posidonia Sinuosa Above Ground Biomass (mmol C/m2),String,348664.531225888,6287172.10470466,31.0000,-31.0000
Western Australian Marine Science Institution,WAMSI,WAMSI Westport Marine Science Program,WWMSP2.2,WWMSP2.2-Seagrass,wwmsp2sg_OS6_Posidonia_Sinuosa_Above_Ground_Biomass_DATA.csv,data-warehouse/csv/wamsi/wwmsp2.2_seagrass,Static,-33.56837598,115.333367,GMT +8,mAHD,OS6,OS 6,Fixed,0.0m above Seabed,m above Seabed,-16.3000,NaN,,var00326,Ecology (Benthic),788400.0000,yyyy-mm-dd HH:MM:SS,Decimal,Posidonia Sinuosa Above Ground Biomass (mmol C/m2),String,345307.443140197,6284455.72532479,34.0000,-34.0000
Western Australian Marine Science Institution,WAMSI,WAMSI Westport Marine Science Program,WWMSP2.2,WWMSP2.2-Seagrass,wwmsp2sg_OceanReefOuter_Posidonia_Sinuosa_Above_Ground_Biomass_DATA.csv,data-warehouse/csv/wamsi/wwmsp2.2_seagrass,Static,-31.774018,115.717537,GMT +8,mAHD,OceanReefOuter,Ocean Reef Outer,Fixed,0.0m above Seabed,m above Seabed,-8.9000,NaN,,var00326,Ecology (Benthic),1157184.0000,yyyy-mm-dd HH:MM:SS,Decimal,Posidonia Sinuosa Above Ground Biomass (mmol C/m2),String,378563.800647509,6483896.54284697,4.4999,-4.4999
Western Australian Marine Science Institution,WAMSI,WAMSI Westport Marine Science Program,WWMSP2.2,WWMSP2.2-Seagrass,wwmsp2sg_PenguinIsland_Posidonia_Sinuosa_Above_Ground_Biomass_DATA.csv,data-warehouse/csv/wamsi/wwmsp2.2_seagrass,Static,-32.30144997,115.69378,GMT +8,mAHD,PenguinIsland,Penguin Island,Fixed,0.0m above Seabed,m above Seabed,-2.9000,NaN,,var00326,Ecology (Benthic),657540.0000,yyyy-mm-dd HH:MM:SS,Decimal,Posidonia Sinuosa Above Ground Biomass (mmol C/m2),String,377021.310386682,6425400.87823768,2.9262,-2.9262
Western Australian Marine Science Institution,WAMSI,WAMSI Westport Marine Science Program,WWMSP2.2,WWMSP2.2-Seagrass,wwmsp2sg_PortGeographe_Posidonia_Sinuosa_Above_Ground_Biomass_DATA.csv,data-warehouse/csv/wamsi/wwmsp2.2_seagrass,Static,-33.62846,115.3824,GMT +8,mAHD,PortGeographe,Port Geographe,Fixed,0.0m above Seabed,m above Seabed,-3.7000,NaN,,var00326,Ecology (Benthic),526032.0000,yyyy-mm-dd HH:MM:SS,Decimal,Posidonia Sinuosa Above Ground Biomass (mmol C/m2),String,349963.157292476,6277865.27546338,30.0000,-30.0000
Western Australian Marine Science Institution,WAMSI,WAMSI Westport Marine Science Program,WWMSP2.2,WWMSP2.2-Seagrass,wwmsp2sg_PortKennedy_Posidonia_Sinuosa_Above_Ground_Biomass_DATA.csv,data-warehouse/csv/wamsi/wwmsp2.2_seagrass,Static,-32.36452304,115.726798,GMT +8,mAHD,PortKennedy,Port Kennedy,Fixed,0.0m above Seabed,m above Seabed,-1.6000,NaN,,var00326,Ecology (Benthic),751474.2857,yyyy-mm-dd HH:MM:SS,Decimal,Posidonia Sinuosa Above Ground Biomass (mmol C/m2),String,380213.247368321,6418445.9925191,4.5110,-4.5110
Western Australian Marine Science Institution,WAMSI,WAMSI Westport Marine Science Program,WWMSP2.2,WWMSP2.2-Seagrass,wwmsp2sg_SealIsland_Posidonia_Sinuosa_Above_Ground_Biomass_DATA.csv,data-warehouse/csv/wamsi/wwmsp2.2_seagrass,Static,-32.29040002,115.695982,GMT +8,mAHD,SealIsland,Seal Island,Fixed,0.0m above Seabed,m above Seabed,-4.1000,NaN,,var00326,Ecology (Benthic),654120.0000,yyyy-mm-dd HH:MM:SS,Decimal,Posidonia Sinuosa Above Ground Biomass (mmol C/m2),String,377213.742140063,6426628.40048695,3.7644,-3.7644
Western Australian Marine Science Institution,WAMSI,WAMSI Westport Marine Science Program,WWMSP2.2,WWMSP2.2-Seagrass,wwmsp2sg_Sorrento_Posidonia_Sinuosa_Above_Ground_Biomass_DATA.csv,data-warehouse/csv/wamsi/wwmsp2.2_seagrass,Static,-31.8298,115.740788,GMT +8,mAHD,Sorrento,Sorrento,Fixed,0.0m above Seabed,m above Seabed,-7.3000,NaN,,var00326,Ecology (Benthic),1315080.0000,yyyy-mm-dd HH:MM:SS,Decimal,Posidonia Sinuosa Above Ground Biomass (mmol C/m2),String,380837.221614093,6477738.77306594,2.0025,-2.0025
Western Australian Marine Science Institution,WAMSI,WAMSI Westport Marine Science Program,WWMSP2.2,WWMSP2.2-Seagrass,wwmsp2sg_SouthernFlats_Posidonia_Sinuosa_Above_Ground_Biomass_DATA.csv,data-warehouse/csv/wamsi/wwmsp2.2_seagrass,Static,-32.24142,115.70671,GMT +8,mAHD,SouthernFlats,Southern Flats,Fixed,0.0m above Seabed,m above Seabed,-2.1000,NaN,,var00326,Ecology (Benthic),588705.8824,yyyy-mm-dd HH:MM:SS,Decimal,Posidonia Sinuosa Above Ground Biomass (mmol C/m2),String,378158.522321764,6432070.52814738,2.9739,-2.9739
Western Australian Marine Science Institution,WAMSI,WAMSI Westport Marine Science Program,WWMSP2.2,WWMSP2.2-Seagrass,wwmsp2sg_Vasse_Wonnerup_Posidonia_Sinuosa_Above_Ground_Biomass_DATA.csv,data-warehouse/csv/wamsi/wwmsp2.2_seagrass,Static,-33.60188,115.42345,GMT +8,mAHD,Vasse-Wonnerup,Vasse-Wonnerup,Fixed,0.0m above Seabed,m above Seabed,-4.9000,NaN,,var00326,Ecology (Benthic),526032.0000,yyyy-mm-dd HH:MM:SS,Decimal,Posidonia Sinuosa Above Ground Biomass (mmol C/m2),String,353726.127337678,6280871.46147099,28.0000,-28.0000
Western Australian Marine Science Institution,WAMSI,WAMSI Westport Marine Science Program,WWMSP2.2,WWMSP2.2-Seagrass,wwmsp2sg_VasseDiversion_Posidonia_Sinuosa_Above_Ground_Biomass_DATA.csv,data-warehouse/csv/wamsi/wwmsp2.2_seagrass,Static,-33.64746,115.32379,GMT +8,mAHD,VasseDiversion,Vasse Diversion,Fixed,0.0m above Seabed,m above Seabed,-3.9000,NaN,,var00326,Ecology (Benthic),526032.0000,yyyy-mm-dd HH:MM:SS,Decimal,Posidonia Sinuosa Above Ground Biomass (mmol C/m2),String,344560.47902586,6275671.79548027,34.0000,-34.0000
Western Australian Marine Science Institution,WAMSI,WAMSI Westport Marine Science Program,WWMSP2.2,WWMSP2.2-Seagrass,wwmsp2sg_WarnbroSound2_0m_Posidonia_Sinuosa_Above_Ground_Biomass_DATA.csv,data-warehouse/csv/wamsi/wwmsp2.2_seagrass,Static,-32.3144,115.71409,GMT +8,mAHD,WarnbroSound2.0m,Warnbro Sound 2.0m,Fixed,0.0m above Seabed,m above Seabed,-2.1000,NaN,,var00326,Ecology (Benthic),558810.0000,yyyy-mm-dd HH:MM:SS,Decimal,Posidonia Sinuosa Above Ground Biomass (mmol C/m2),String,378950.830682977,6423988.3585227,4.2098,-4.2098
Western Australian Marine Science Institution,WAMSI,WAMSI Westport Marine Science Program,WWMSP2.2,WWMSP2.2-Seagrass,wwmsp2sg_WarnbroSound2_5m_Posidonia_Sinuosa_Above_Ground_Biomass_DATA.csv,data-warehouse/csv/wamsi/wwmsp2.2_seagrass,Static,-32.31476,115.71415,GMT +8,mAHD,WarnbroSound2.5m,Warnbro Sound 2.5m,Fixed,0.0m above Seabed,m above Seabed,-2.4000,NaN,,var00326,Ecology (Benthic),559260.0000,yyyy-mm-dd HH:MM:SS,Decimal,Posidonia Sinuosa Above Ground Biomass (mmol C/m2),String,378956.958068027,6423948.51669017,5.8721,-5.8721
Western Australian Marine Science Institution,WAMSI,WAMSI Westport Marine Science Program,WWMSP2.2,WWMSP2.2-Seagrass,wwmsp2sg_WarnbroSound3_2m_Posidonia_Sinuosa_Above_Ground_Biomass_DATA.csv,data-warehouse/csv/wamsi/wwmsp2.2_seagrass,Static,-32.3149,115.71425,GMT +8,mAHD,WarnbroSound3.2m,Warnbro Sound 3.2m,Fixed,0.0m above Seabed,m above Seabed,-3.1000,NaN,,var00326,Ecology (Benthic),559260.0000,yyyy-mm-dd HH:MM:SS,Decimal,Posidonia Sinuosa Above Ground Biomass (mmol C/m2),String,378966.558431202,6423933.10924214,5.8721,-5.8721
Western Australian Marine Science Institution,WAMSI,WAMSI Westport Marine Science Program,WWMSP2.2,WWMSP2.2-Seagrass,wwmsp2sg_WarnbroSound5_2m_Posidonia_Sinuosa_Above_Ground_Biomass_DATA.csv,data-warehouse/csv/wamsi/wwmsp2.2_seagrass,Static,-32.3162,115.71393,GMT +8,mAHD,WarnbroSound5.2m,Warnbro Sound 5.2m,Fixed,0.0m above Seabed,m above Seabed,-6.0000,NaN,,var00326,Ecology (Benthic),588960.0000,yyyy-mm-dd HH:MM:SS,Decimal,Posidonia Sinuosa Above Ground Biomass (mmol C/m2),String,378938.162814873,6423788.62968772,7.5389,-7.5389
Western Australian Marine Science Institution,WAMSI,WAMSI Westport Marine Science Program,WWMSP2.2,WWMSP2.2-Seagrass,wwmsp2sg_WarnbroSound7_0m_Posidonia_Sinuosa_Above_Ground_Biomass_DATA.csv,data-warehouse/csv/wamsi/wwmsp2.2_seagrass,Static,-32.31639,115.71428,GMT +8,mAHD,WarnbroSound7.0m,Warnbro Sound 7.0m,Fixed,0.0m above Seabed,m above Seabed,-11.8000,NaN,,var00326,Ecology (Benthic),597312.0000,yyyy-mm-dd HH:MM:SS,Decimal,Posidonia Sinuosa Above Ground Biomass (mmol C/m2),String,378971.364535746,6423767.96166283,10.3089,-10.3089
Western Australian Marine Science Institution,WAMSI,WAMSI Westport Marine Science Program,WWMSP2.2,WWMSP2.2-Seagrass,wwmsp2sg_WoodmanPoint_Posidonia_Sinuosa_Above_Ground_Biomass_DATA.csv,data-warehouse/csv/wamsi/wwmsp2.2_seagrass,Static,-32.12859,115.73774,GMT +8,mAHD,WoodmanPoint,Woodman Point,Fixed,0.0m above Seabed,m above Seabed,-3.8000,NaN,,var00326,Ecology (Benthic),602537.1429,yyyy-mm-dd HH:MM:SS,Decimal,Posidonia Sinuosa Above Ground Biomass (mmol C/m2),String,380935.279397615,6444613.36018059,4.2495,-4.2495
Western Australian Marine Science Institution,WAMSI,WAMSI Westport Marine Science Program,WWMSP2.2,WWMSP2.2-Seagrass,wwmsp2sg_WreckRock_Posidonia_Sinuosa_Above_Ground_Biomass_DATA.csv,data-warehouse/csv/wamsi/wwmsp2.2_seagrass,Static,-31.803238,115.718603,GMT +8,mAHD,WreckRock,Wreck Rock,Fixed,0.0m above Seabed,m above Seabed,-5.7000,NaN,,var00326,Ecology (Benthic),1315080.0000,yyyy-mm-dd HH:MM:SS,Decimal,Posidonia Sinuosa Above Ground Biomass (mmol C/m2),String,378702.91473178,6480658.66042072,4.6005,-4.6005
