Data File Name,s6160118_WQ.csv
Location,swanest_csv/
Station Status,Active
Lat,-31.878074630
Long,-31.878074630
Time Zone,GMT +8
Vertical Datum,mAHD
National Station ID,6160118
Site Description,6160118
Bad or Unavailable Data Value,NaN
Contact Email,wir@water.wa.gov.au
Sampling Rate (min),1309.0045
Date,dd-mm-yyyy HH:MM:SS
Depth,Decimal
Bottom Depth (m),Decimal
QC,String
Cloud Cover (%),Decimal
QC,String
Conductivity (\muS/cm),Decimal
QC,String
Nitrate (mg/L),Decimal
QC,String
Ammonium (mg/L),Decimal
QC,String
O2 Saturation (%),Decimal
QC,String
Oxygen (mg/L),Decimal
QC,String
pH (),Decimal
QC,String
Filterable Reactive Phosphate (mg/L),Decimal
QC,String
Salinity (psu),Decimal
QC,String
Secchi depth (m),Decimal
QC,String
Temperature (^{\circ}C),Decimal
QC,String
Turbidity (NTU),Decimal
QC,String
Wind Direction ((Ã¸)),Decimal
QC,String
Wind Speed (m/s),Decimal
QC,String
